words,level
american,A1
the,A1
april,A2
brother,A2
very,A2
small,A2
picture,A2
please,A2
pencil,A2
message,A2
high,A2
day,A2
library,A2
programme,A2
we,A2
little,A2
meter,A2
door,A2
onion,A2
coffee,A2
goodbye,A2
nurse,A2
light,A2
move,A2
send,A2
painting,A2
fat,A2
november,A2
well,A2
age,A2
because,A2
class,A2
exciting,A2
best,A2
six,A2
tomato,A2
carrot,A2
map,A2
midnight,A2
father,A2
market,A2
beginning,A2
telephone,A2
birthday,A2
thirteen,A2
last,A2
kilometre,A2
date,A2
cup,A2
how,A2
lion,A2
full,A2
visitor,A2
south,A2
magazine,A2
page,A2
yeah,A2
as,A2
to,A2
news,A2
jeans,A2
school,A2
story,A2
on,A2
sandwich,A2
but,A2
floor,A2
here,A2
foot,A2
something,A2
spend,A2
some,A2
walk,A2
bathroom,A2
funny,A2
sing,A2
i,A2
sweater,A2
swim,A2
that,A2
live,A2
june,A2
happy,A2
word,A2
dad,A2
water,A2
shower,A2
tshirt,A2
teacher,A2
machine,A2
aunt,A2
wash,A2
false,A2
internet,A2
seventeen,A2
mom,A2
glass,A2
apartment,A2
mouse,A2
try,A2
cut,A2
ride,A2
us,A2
boyfriend,A2
also,A2
boat,A2
cooking,A2
program,A2
perfect,A2
member,A2
paragraph,A2
sheep,A2
reader,A2
umbrella,A2
website,A2
ever,A2
they,A2
paper,A2
include,A2
put,A2
capital,A2
cold,A2
cheap,A2
hello,A2
march,A2
red,A2
pound,A2
there,A2
ok,A2
ocean,A2
hobby,A2
her,A2
natural,A2
think,A2
bread,A2
city,A2
fourteen,A2
phrase,A2
seventy,A2
practise,A2
difference,A2
hate,A2
order,A2
short,A2
talk,A2
flight,A2
colour,A2
his,A2
january,A2
nice,A2
actress,A2
tourist,A2
of,A2
dirty,A2
take,A2
language,A2
reading,A2
future,A2
weekend,A2
fine,A2
half,A2
song,A2
hundred,A2
angry,A2
product,A2
than,A2
post,A2
menu,A2
behind,A2
favourite,A2
ago,A2
young,A2
anyone,A2
yourself,A2
if,A2
doctor,A2
again,A2
writing,A2
mile,A2
dollar,A2
popular,A2
pay,A2
result,A2
north,A2
chicken,A2
sport,A2
two,A2
down,A2
late,A2
dish,A2
modern,A2
tell,A2
player,A2
success,A2
saturday,A2
come,A2
desk,A2
learn,A2
above,A2
policeman,A2
neighbour,A2
dance,A2
love,A2
begin,A2
fun,A2
butter,A2
thanks,A2
possible,A2
art,A2
useful,A2
awesome,A2
at,A2
reason,A2
relax,A2
an,A2
computer,A2
interesting,A2
month,A2
break,A2
travel,A2
hospital,A2
building,A2
second,A2
repeat,A2
autumn,A2
milk,A2
morning,A2
open,A2
bed,A2
rule,A2
area,A2
juice,A2
horse,A2
describe,A2
cent,A2
cheese,A2
shopping,A2
bicycle,A2
present,A2
buy,A2
video,A2
college,A2
writer,A2
nine,A2
jacket,A2
before,A2
lot,A2
discuss,A2
give,A2
skirt,A2
dark,A2
statement,A2
quarter,A2
fish,A2
across,A2
body,A2
company,A2
trousers,A2
event,A2
vacation,A2
near,A2
out,A2
grey,A2
guess,A2
born,A2
woman,A2
five,A2
feeling,A2
cow,A2
then,A2
fact,A2
shoe,A2
build,A2
garden,A2
restaurant,A2
just,A2
land,A2
thirty,A2
key,A2
fast,A2
everybody,A2
cannot,A2
vegetable,A2
quick,A2
model,A2
excited,A2
probably,A2
river,A2
call,A2
mall,A2
opinion,A2
do,A2
thank,A2
eat,A2
help,A2
newspaper,A2
eight,A2
text,A2
with,A2
pink,A2
famous,A2
once,A2
beautiful,A2
healthy,A2
white,A2
finish,A2
always,A2
change,A2
shop,A2
big,A2
group,A2
yellow,A2
style,A2
old,A2
worker,A2
start,A2
outside,A2
feel,A2
wait,A2
downstairs,A2
cinema,A2
friend,A2
purple,A2
find,A2
center,A2
family,A2
me,A2
detail,A2
eleven,A2
chair,A2
potato,A2
sister,A2
apple,A2
so,A2
practice,A2
only,A2
ready,A2
thousand,A2
sixty,A2
agree,A2
island,A2
upstairs,A2
quite,A2
tooth,A2
compare,A2
carry,A2
bath,A2
smart,A2
concert,A2
weather,A2
exam,A2
shirt,A2
have,A2
wine,A2
into,A2
girlfriend,A2
space,A2
wall,A2
spell,A2
she,A2
thing,A2
for,A2
correct,A2
guitar,A2
tall,A2
culture,A2
gym,A2
blue,A2
even,A2
band,A2
ice,A2
breakfast,A2
euro,A2
long,A2
few,A2
your,A2
boy,A2
everything,A2
interest,A2
opposite,A2
introduce,A2
description,A2
online,A2
someone,A2
world,A2
sixteen,A2
way,A2
hi,A2
what,A2
singer,A2
adult,A2
car,A2
person,A2
blog,A2
lose,A2
check,A2
daughter,A2
fire,A2
bar,A2
soup,A2
music,A2
pants,A2
grandfather,A2
where,A2
arrive,A2
night,A2
hear,A2
create,A2
october,A2
far,A2
more,A2
lunch,A2
married,A2
oh,A2
over,A2
both,A2
grandparent,A2
cool,A2
choose,A2
taxi,A2
fly,A2
pool,A2
early,A2
hat,A2
remember,A2
pair,A2
dictionary,A2
chocolate,A2
forget,A2
plant,A2
clean,A2
piano,A2
anything,A2
life,A2
farmer,A2
home,A2
name,A2
question,A2
box,A2
cd,A2
go,A2
one,A2
blonde,A2
meat,A2
film,A2
rice,A2
bill,A2
december,A2
parent,A2
important,A2
meal,A2
fall,A2
mistake,A2
kitchen,A2
four,A2
meet,A2
boring,A2
common,A2
topic,A2
snake,A2
below,A2
situation,A2
list,A2
between,A2
train,A2
geography,A2
use,A2
fantastic,A2
first,A2
leave,A2
artist,A2
teenager,A2
twelve,A2
lesson,A2
easy,A2
ask,A2
sit,A2
him,A2
store,A2
follow,A2
be,A2
meaning,A2
summer,A2
them,A2
tomorrow,A2
tea,A2
poor,A2
end,A2
would,A2
away,A2
evening,A2
pig,A2
centre,A2
nineteen,A2
form,A2
drive,A2
plane,A2
much,A2
wear,A2
imagine,A2
maybe,A2
town,A2
draw,A2
really,A2
people,A2
stop,A2
mother,A2
husband,A2
true,A2
farm,A2
interview,A2
west,A2
conversation,A2
ear,A2
tired,A2
know,A2
quiet,A2
add,A2
third,A2
listen,A2
uncle,A2
note,A2
waiter,A2
phone,A2
sentence,A2
meeting,A2
wife,A2
make,A2
front,A2
mum,A2
join,A2
neighbor,A2
book,A2
must,A2
dancer,A2
warm,A2
village,A2
similar,A2
article,A2
climb,A2
complete,A2
winter,A2
better,A2
bored,A2
dear,A2
year,A2
dialogue,A2
table,A2
around,A2
soon,A2
study,A2
enjoy,A2
teach,A2
spring,A2
every,A2
answer,A2
boot,A2
science,A2
left,A2
office,A2
many,A2
up,A2
dinner,A2
game,A2
banana,A2
salad,A2
century,A2
read,A2
coat,A2
swimming,A2
truck,A2
classroom,A2
flower,A2
leg,A2
house,A2
scientist,A2
main,A2
seven,A2
different,A2
all,A2
nothing,A2
show,A2
favorite,A2
visit,A2
address,A2
career,A2
cake,A2
which,A2
holiday,A2
next,A2
get,A2
grandmother,A2
however,A2
job,A2
part,A2
or,A2
interested,A2
each,A2
football,A2
radio,A2
bye,A2
sick,A2
dvd,A2
want,A2
club,A2
girl,A2
bag,A2
face,A2
cousin,A2
eye,A2
journey,A2
student,A2
not,A2
wonderful,A2
diet,A2
number,A2
sometimes,A2
yes,A2
when,A2
decide,A2
driver,A2
party,A2
paint,A2
traffic,A2
understand,A2
local,A2
mountain,A2
september,A2
back,A2
bird,A2
hey,A2
advice,A2
pepper,A2
tonight,A2
under,A2
welcome,A2
he,A2
sure,A2
wrong,A2
line,A2
everyone,A2
sound,A2
later,A2
arm,A2
gray,A2
million,A2
friendly,A2
oclock,A2
idea,A2
miss,A2
country,A2
nobody,A2
no,A2
title,A2
subject,A2
speak,A2
right,A2
place,A2
road,A2
happen,A2
kind,A2
snow,A2
great,A2
our,A2
man,A2
business,A2
it,A2
clothes,A2
laugh,A2
dancing,A2
lie,A2
color,A2
eighteen,A2
ball,A2
bottle,A2
amazing,A2
real,A2
like,A2
green,A2
could,A2
dangerous,A2
brown,A2
same,A2
yesterday,A2
spelling,A2
police,A2
actor,A2
a,A2
ticket,A2
improve,A2
bad,A2
card,A2
bring,A2
and,A2
sorry,A2
now,A2
see,A2
own,A2
section,A2
wednesday,A2
detnumber,A2
need,A2
can,A2
match,A2
afraid,A2
hair,A2
explain,A2
without,A2
any,A2
prepare,A2
say,A2
point,A2
project,A2
you,A2
beer,A2
action,A2
most,A2
final,A2
exercise,A2
hour,A2
their,A2
august,A2
price,A2
become,A2
street,A2
passport,A2
let,A2
pen,A2
stand,A2
bedroom,A2
problem,A2
homework,A2
camera,A2
never,A2
by,A2
eighty,A2
festival,A2
baby,A2
hotel,A2
son,A2
fourth,A2
turn,A2
example,A2
watch,A2
work,A2
plan,A2
rain,A2
afternoon,A2
usually,A2
cream,A2
bike,A2
nose,A2
east,A2
other,A2
test,A2
animal,A2
child,A2
keep,A2
baseball,A2
email,A2
photograph,A2
together,A2
letter,A2
bank,A2
cost,A2
toilet,A2
positive,A2
university,A2
hard,A2
hand,A2
tuesday,A2
enough,A2
yard,A2
july,A2
why,A2
fifteen,A2
photo,A2
off,A2
pretty,A2
room,A2
rich,A2
sugar,A2
sunday,A2
three,A2
hope,A2
blond,A2
period,A2
play,A2
dress,A2
fifty,A2
drink,A2
special,A2
grow,A2
its,A2
beach,A2
write,A2
busy,A2
sea,A2
report,A2
another,A2
after,A2
cafe,A2
run,A2
extra,A2
routine,A2
thursday,A2
from,A2
ten,A2
friday,A2
air,A2
airport,A2
too,A2
new,A2
should,A2
clock,A2
black,A2
until,A2
window,A2
twenty,A2
money,A2
mouth,A2
look,A2
ninety,A2
who,A2
object,A2
strong,A2
star,A2
fifth,A2
win,A2
moment,A2
during,A2
cat,A2
may,A2
fruit,A2
good,A2
stay,A2
delicious,A2
wake,A2
die,A2
activity,A2
head,A2
health,A2
course,A2
time,A2
quickly,A2
movie,A2
food,A2
mean,A2
sell,A2
basketball,A2
piece,A2
slow,A2
february,A2
design,A2
television,A2
customer,A2
partner,A2
egg,A2
terrible,A2
monday,A2
chart,A2
cook,A2
sleep,A2
will,A2
somebody,A2
supermarket,A2
history,A2
metre,A2
museum,A2
often,A2
prefer,A2
neighborhood,A2
in,A2
my,A2
believe,A2
orange,A2
sun,A2
past,A2
tree,A2
team,A2
trip,A2
information,A2
expensive,A2
bus,A2
large,A2
dog,A2
return,A2
station,A2
still,A2
close,A2
sad,A2
hot,A2
difficult,A2
negative,A2
forty,A2
park,A2
salt,A2
week,A2
personal,A2
tv,A2
wide,B1
discussion,B1
listener,B1
along,B1
individual,B1
fresh,B1
social,B1
user,B1
digital,B1
roof,B1
stamp,B1
exactly,B1
among,B1
repair,B1
scary,B1
continent,B1
award,B1
alone,B1
rate,B1
effect,B1
fight,B1
ski,B1
trainer,B1
possibility,B1
bit,B1
wow,B1
reporter,B1
trash,B1
prize,B1
pull,B1
percent,B1
society,B1
department,B1
tool,B1
shall,B1
exist,B1
strategy,B1
process,B1
respond,B1
size,B1
invent,B1
mention,B1
worst,B1
chef,B1
top,B1
fit,B1
deal,B1
crowd,B1
accident,B1
fair,B1
grass,B1
behavior,B1
attend,B1
speech,B1
mathematics,B1
transportation,B1
monkey,B1
energy,B1
architecture,B1
elevator,B1
yours,B1
camping,B1
jewellery,B1
joke,B1
moon,B1
quality,B1
coast,B1
kid,B1
divorced,B1
hold,B1
weak,B1
rise,B1
normal,B1
peace,B1
gift,B1
instrument,B1
prevent,B1
soldier,B1
stair,B1
designer,B1
communicate,B1
drawing,B1
public,B1
mail,B1
tablet,B1
evidence,B1
cell,B1
businessman,B1
enormous,B1
increase,B1
lend,B1
blood,B1
reduce,B1
web,B1
pleased,B1
diary,B1
fever,B1
loud,B1
soap,B1
refrigerator,B1
clerk,B1
straight,B1
purpose,B1
community,B1
double,B1
consider,B1
airline,B1
silver,B1
habit,B1
invitation,B1
traditional,B1
pick,B1
speaker,B1
electric,B1
lost,B1
sheet,B1
fail,B1
gate,B1
somewhere,B1
based,B1
secret,B1
behaviour,B1
comedy,B1
specific,B1
push,B1
option,B1
twin,B1
billion,B1
female,B1
complain,B1
valley,B1
firstly,B1
fiction,B1
railroad,B1
everywhere,B1
seem,B1
desert,B1
certain,B1
progress,B1
alive,B1
involve,B1
destroy,B1
feature,B1
wish,B1
data,B1
biology,B1
competition,B1
towards,B1
conference,B1
colleague,B1
recently,B1
guest,B1
receive,B1
daily,B1
hole,B1
army,B1
spider,B1
garbage,B1
lovely,B1
flat,B1
touch,B1
belt,B1
vehicle,B1
anyway,B1
track,B1
perform,B1
disease,B1
symbol,B1
polite,B1
employer,B1
alternative,B1
celebrate,B1
dry,B1
finally,B1
impossible,B1
population,B1
collect,B1
goal,B1
wheel,B1
hide,B1
united,B1
bowl,B1
painter,B1
movement,B1
suggest,B1
although,B1
completely,B1
greet,B1
tour,B1
score,B1
explanation,B1
physics,B1
reply,B1
queen,B1
suggestion,B1
thief,B1
brilliant,B1
bright,B1
drug,B1
scared,B1
plate,B1
recipe,B1
drama,B1
neither,B1
bridge,B1
musical,B1
president,B1
wooden,B1
active,B1
skiing,B1
original,B1
typical,B1
myself,B1
shout,B1
strange,B1
researcher,B1
shut,B1
couple,B1
guide,B1
circle,B1
hers,B1
race,B1
towel,B1
serious,B1
uniform,B1
successful,B1
refer,B1
pronounce,B1
jump,B1
suppose,B1
power,B1
thin,B1
injury,B1
mind,B1
fortunately,B1
material,B1
trouble,B1
prison,B1
badly,B1
cigarette,B1
foreign,B1
medicine,B1
ring,B1
survey,B1
sign,B1
criminal,B1
solve,B1
middle,B1
teenage,B1
plastic,B1
care,B1
instead,B1
laughter,B1
professor,B1
officer,B1
simple,B1
dessert,B1
noisy,B1
male,B1
athlete,B1
region,B1
copy,B1
tourism,B1
argue,B1
nut,B1
advantage,B1
lemon,B1
campus,B1
source,B1
gold,B1
cycle,B1
per,B1
instruction,B1
save,B1
wind,B1
immediately,B1
nature,B1
publish,B1
technology,B1
cause,B1
clever,B1
recommend,B1
bottom,B1
camp,B1
sir,B1
mirror,B1
hit,B1
human,B1
knife,B1
wood,B1
kilometer,B1
depend,B1
button,B1
salary,B1
round,B1
taste,B1
item,B1
himself,B1
industry,B1
borrow,B1
organize,B1
themselves,B1
stove,B1
huge,B1
height,B1
gap,B1
pattern,B1
brush,B1
memory,B1
direction,B1
pain,B1
palace,B1
heavy,B1
block,B1
excellent,B1
profile,B1
side,B1
chance,B1
guy,B1
fear,B1
comfortable,B1
solution,B1
usual,B1
steal,B1
virus,B1
smile,B1
organization,B1
lamp,B1
available,B1
anybody,B1
cookie,B1
correctly,B1
average,B1
task,B1
voice,B1
allow,B1
pocket,B1
traveller,B1
environment,B1
remove,B1
cupboard,B1
frog,B1
expression,B1
included,B1
act,B1
crazy,B1
ending,B1
matter,B1
soft,B1
clothing,B1
surprised,B1
assistant,B1
service,B1
worried,B1
lead,B1
search,B1
deep,B1
electrical,B1
fan,B1
differently,B1
advertise,B1
pilot,B1
stupid,B1
engine,B1
control,B1
refuse,B1
ill,B1
surprising,B1
bone,B1
medical,B1
normally,B1
yet,B1
lock,B1
classical,B1
professional,B1
choice,B1
clear,B1
journalist,B1
bean,B1
spoon,B1
perhaps,B1
nowhere,B1
opportunity,B1
following,B1
thick,B1
chip,B1
chemistry,B1
cash,B1
carpet,B1
narrow,B1
response,B1
lawyer,B1
adventure,B1
national,B1
free,B1
fridge,B1
detective,B1
ground,B1
argument,B1
expect,B1
lazy,B1
reception,B1
while,B1
sense,B1
closed,B1
amount,B1
easily,B1
lifestyle,B1
error,B1
download,B1
tradition,B1
drop,B1
creative,B1
except,B1
extreme,B1
itself,B1
cross,B1
either,B1
furniture,B1
case,B1
smell,B1
hockey,B1
danger,B1
zero,B1
shoulder,B1
corner,B1
heat,B1
several,B1
pollution,B1
relationship,B1
penny,B1
wave,B1
worry,B1
catch,B1
ankle,B1
arrangement,B1
math,B1
war,B1
transport,B1
lab,B1
experiment,B1
ourselves,B1
background,B1
manner,B1
fix,B1
boil,B1
invite,B1
wild,B1
thought,B1
traveler,B1
manager,B1
poster,B1
independent,B1
wedding,B1
closet,B1
lorry,B1
birth,B1
react,B1
printer,B1
rock,B1
season,B1
express,B1
provide,B1
shake,B1
hall,B1
feed,B1
separate,B1
screen,B1
avoid,B1
series,B1
arrange,B1
jewelry,B1
state,B1
sock,B1
mine,B1
invention,B1
running,B1
gun,B1
audience,B1
serve,B1
device,B1
leader,B1
marry,B1
castle,B1
review,B1
certainly,B1
general,B1
such,B1
employee,B1
van,B1
behave,B1
target,B1
offer,B1
subway,B1
wet,B1
passenger,B1
disaster,B1
boss,B1
overseas,B1
including,B1
petrol,B1
ancient,B1
record,B1
dentist,B1
smartphone,B1
suit,B1
flying,B1
mostly,B1
pop,B1
network,B1
direct,B1
affect,B1
electricity,B1
less,B1
runner,B1
site,B1
lecture,B1
seat,B1
herself,B1
pass,B1
abroad,B1
credit,B1
storm,B1
protect,B1
factory,B1
system,B1
cartoon,B1
sadly,B1
stone,B1
church,B1
crowded,B1
tidy,B1
coach,B1
compete,B1
further,B1
training,B1
almost,B1
sale,B1
informal,B1
forest,B1
safe,B1
anywhere,B1
nearly,B1
secondly,B1
kill,B1
raise,B1
sail,B1
single,B1
smoking,B1
engineer,B1
unfortunately,B1
connect,B1
accept,B1
recognize,B1
experience,B1
mobile,B1
reach,B1
broken,B1
link,B1
essay,B1
learning,B1
sweet,B1
able,B1
author,B1
curly,B1
carefully,B1
cry,B1
throw,B1
whole,B1
knowledge,B1
belong,B1
definitely,B1
inside,B1
distance,B1
blank,B1
enter,B1
fashion,B1
column,B1
possession,B1
skin,B1
achieve,B1
loudly,B1
farming,B1
heart,B1
degree,B1
regular,B1
major,B1
hurt,B1
against,B1
already,B1
cloud,B1
schedule,B1
identify,B1
permission,B1
tip,B1
anymore,B1
chat,B1
advertising,B1
climate,B1
level,B1
maths,B1
count,B1
smoke,B1
unit,B1
weight,B1
blow,B1
golf,B1
beef,B1
insect,B1
view,B1
ideal,B1
parking,B1
used,B1
education,B1
pack,B1
connected,B1
app,B1
everyday,B1
actually,B1
exact,B1
bear,B1
flu,B1
variety,B1
sauce,B1
headache,B1
request,B1
expert,B1
tie,B1
surprise,B1
whose,B1
clearly,B1
metal,B1
secretary,B1
attractive,B1
knee,B1
novel,B1
gallery,B1
working,B1
replace,B1
charity,B1
platform,B1
helpful,B1
fishing,B1
brain,B1
earn,B1
term,B1
happily,B1
board,B1
missing,B1
soccer,B1
speed,B1
stage,B1
none,B1
ah,B1
decision,B1
advertisement,B1
motorcycle,B1
toward,B1
earth,B1
teaching,B1
role,B1
jam,B1
attention,B1
field,B1
stomach,B1
media,B1
finger,B1
worse,B1
contain,B1
oil,B1
mayor,B1
dream,B1
laptop,B1
likely,B1
benefit,B1
stress,B1
driving,B1
luck,B1
cooker,B1
step,B1
realize,B1
position,B1
pub,B1
lake,B1
character,B1
beat,B1
low,B1
factor,B1
analyze,B1
neck,B1
document,B1
focus,B1
railway,B1
sort,B1
develop,B1
cover,B1
particular,B1
recording,B1
biscuit,B1
rude,B1
lift,B1
formal,B1
temperature,B1
gas,B1
recycle,B1
sneaker,B1
grocery,B1
manage,B1
discovery,B1
ordinary,B1
intelligent,B1
oven,B1
image,B1
illness,B1
incredible,B1
law,B1
onto,B1
thinking,B1
noise,B1
promise,B1
disappear,B1
celebrity,B1
might,B1
notice,B1
underground,B1
according,B1
sailing,B1
architect,B1
comment,B1
careful,B1
shape,B1
burn,B1
context,B1
equipment,B1
employ,B1
least,B1
disagree,B1
hero,B1
pet,B1
appearance,B1
government,B1
tower,B1
figure,B1
owner,B1
understanding,B1
appear,B1
succeed,B1
musician,B1
asleep,B1
jazz,B1
apply,B1
physical,B1
crime,B1
rest,B1
route,B1
unusual,B1
downtown,B1
sky,B1
knock,B1
structure,B1
death,B1
produce,B1
washing,B1
recent,B1
international,B1
square,B1
rather,B1
scene,B1
slowly,B1
king,B1
nervous,B1
empty,B1
research,B1
god,B1
ship,B1
introduction,B1
lady,B1
print,B1
suddenly,B1
continue,B1
fork,B1
support,B1
lucky,B1
since,B1
instructor,B1
rubbish,B1
extremely,B1
necessary,B1
personality,B1
planet,B1
electronic,B1
dead,B1
discover,B1
code,B1
patient,B1
attack,B1
director,B1
awful,B1
predict,B1
winner,B1
quietly,B1
candy,B1
mark,B1
condition,B1
method,B1
especially,B1
singing,B1
forward,B1
toy,B1
unhappy,B1
hill,B1
quantity,B1
locate,B2
currency,B2
bee,B2
limit,B2
influence,B2
frighten,B2
wonder,B2
length,B2
apologize,B2
fixed,B2
imaginary,B2
property,B2
attract,B2
substance,B2
childhood,B2
wool,B2
tail,B2
diamond,B2
equal,B2
entertain,B2
reference,B2
communication,B2
similarly,B2
clause,B2
chest,B2
spoken,B2
mood,B2
fur,B2
unable,B2
prove,B2
equally,B2
weigh,B2
marriage,B2
educational,B2
ugly,B2
necessarily,B2
slave,B2
sink,B2
leading,B2
corn,B2
originally,B2
basis,B2
ours,B2
annoyed,B2
approximately,B2
breathing,B2
unfair,B2
analysis,B2
software,B2
various,B2
clue,B2
charge,B2
difficulty,B2
represent,B2
arrest,B2
flow,B2
sand,B2
chain,B2
northern,B2
photographer,B2
amazed,B2
container,B2
sexual,B2
killing,B2
backwards,B2
alarm,B2
careless,B2
aware,B2
bend,B2
ghost,B2
client,B2
unlikely,B2
breath,B2
claim,B2
path,B2
naturally,B2
tyre,B2
organized,B2
previously,B2
participate,B2
waste,B2
official,B2
suitable,B2
written,B2
effort,B2
brave,B2
pour,B2
exhibition,B2
relaxed,B2
arrival,B2
prediction,B2
custom,B2
trick,B2
poem,B2
advanced,B2
border,B2
cap,B2
update,B2
bubble,B2
illegal,B2
upon,B2
remain,B2
resource,B2
confirm,B2
payment,B2
cloth,B2
define,B2
qualify,B2
effectively,B2
authority,B2
typically,B2
whenever,B2
occasion,B2
automatically,B2
attach,B2
profit,B2
contact,B2
branch,B2
mixture,B2
politics,B2
warn,B2
academic,B2
indoor,B2
occur,B2
ahead,B2
disappointing,B2
administration,B2
frozen,B2
rare,B2
neighbourhood,B2
magic,B2
goods,B2
kick,B2
tongue,B2
historic,B2
plus,B2
iron,B2
worth,B2
technique,B2
till,B2
expand,B2
educated,B2
fold,B2
central,B2
growth,B2
grateful,B2
freeze,B2
leisure,B2
discount,B2
though,B2
battle,B2
union,B2
generally,B2
announce,B2
racing,B2
spending,B2
odd,B2
generous,B2
totally,B2
upset,B2
dust,B2
dressed,B2
hurry,B2
worldwide,B2
responsibility,B2
related,B2
pot,B2
damage,B2
agreement,B2
silent,B2
passion,B2
bake,B2
ton,B2
enemy,B2
disadvantage,B2
remote,B2
fascinating,B2
private,B2
fairly,B2
principal,B2
definition,B2
connection,B2
slice,B2
viewer,B2
qualification,B2
flour,B2
retire,B2
educate,B2
queue,B2
reject,B2
luxury,B2
honest,B2
judge,B2
treatment,B2
poverty,B2
producer,B2
port,B2
diagram,B2
sensible,B2
aged,B2
tight,B2
peaceful,B2
performance,B2
eventually,B2
tend,B2
battery,B2
rarely,B2
bell,B2
economy,B2
set,B2
directly,B2
supporter,B2
apart,B2
favor,B2
scientific,B2
bride,B2
tiny,B2
silly,B2
colored,B2
simply,B2
horrible,B2
summary,B2
reliable,B2
talent,B2
theory,B2
atmosphere,B2
achievement,B2
trend,B2
latest,B2
engaged,B2
glad,B2
coin,B2
commercial,B2
shoot,B2
label,B2
curtain,B2
confuse,B2
retired,B2
whatever,B2
political,B2
mainly,B2
unless,B2
calm,B2
familiar,B2
weapon,B2
living,B2
roll,B2
conclude,B2
fuel,B2
application,B2
covered,B2
hire,B2
reflect,B2
historical,B2
function,B2
shell,B2
translation,B2
lack,B2
theme,B2
hurricane,B2
stuff,B2
indirect,B2
value,B2
conclusion,B2
frightening,B2
highly,B2
smooth,B2
file,B2
concentrate,B2
embarrassed,B2
chemical,B2
stranger,B2
invest,B2
sample,B2
lonely,B2
surely,B2
alcoholic,B2
ambition,B2
appreciate,B2
protest,B2
combine,B2
impressive,B2
personally,B2
court,B2
trade,B2
determined,B2
tax,B2
exit,B2
obviously,B2
disappointed,B2
intelligence,B2
pipe,B2
practical,B2
presentation,B2
script,B2
kiss,B2
earthquake,B2
immigrant,B2
gather,B2
native,B2
candidate,B2
mental,B2
highlight,B2
attraction,B2
commit,B2
mystery,B2
advise,B2
admit,B2
importance,B2
stadium,B2
agent,B2
organizer,B2
responsible,B2
belief,B2
annoy,B2
specifically,B2
flood,B2
element,B2
version,B2
content,B2
laboratory,B2
spot,B2
click,B2
unemployment,B2
outdoor,B2
consist,B2
frequently,B2
unpleasant,B2
backward,B2
bury,B2
narrative,B2
sculpture,B2
relative,B2
departure,B2
talented,B2
destination,B2
obvious,B2
assignment,B2
strongly,B2
poison,B2
package,B2
dirt,B2
costume,B2
unemployed,B2
brand,B2
legal,B2
coloured,B2
economic,B2
gentle,B2
shiny,B2
appointment,B2
decorate,B2
identity,B2
immediate,B2
due,B2
leaf,B2
ignore,B2
press,B2
underwear,B2
relation,B2
aim,B2
valuable,B2
documentary,B2
unlike,B2
convince,B2
grade,B2
shelf,B2
experienced,B2
marketing,B2
leather,B2
gentleman,B2
fence,B2
within,B2
soil,B2
statue,B2
nation,B2
editor,B2
emotion,B2
explode,B2
cottage,B2
punishment,B2
rough,B2
lay,B2
proud,B2
pretend,B2
technical,B2
fashionable,B2
photography,B2
assist,B2
helicopter,B2
flag,B2
determine,B2
exchange,B2
analyse,B2
production,B2
global,B2
symptom,B2
theirs,B2
currently,B2
outdoors,B2
royal,B2
frame,B2
profession,B2
comparison,B2
entry,B2
shift,B2
prisoner,B2
scan,B2
cultural,B2
escape,B2
powerful,B2
tube,B2
current,B2
percentage,B2
tire,B2
generation,B2
planning,B2
cheerful,B2
financial,B2
addition,B2
annoying,B2
range,B2
admire,B2
toe,B2
chapter,B2
involved,B2
host,B2
rent,B2
sex,B2
standard,B2
ceiling,B2
southern,B2
wing,B2
pale,B2
happiness,B2
mix,B2
mess,B2
policy,B2
episode,B2
impact,B2
revise,B2
unnecessary,B2
neat,B2
force,B2
surface,B2
excitement,B2
plot,B2
pressure,B2
emergency,B2
ad,B2
loss,B2
celebration,B2
meanwhile,B2
export,B2
favour,B2
reaction,B2
ingredient,B2
literature,B2
nor,B2
innocent,B2
deliver,B2
import,B2
poetry,B2
bomb,B2
suffer,B2
prince,B2
punish,B2
spicy,B2
forever,B2
solid,B2
violent,B2
risk,B2
complex,B2
type,B2
duty,B2
remind,B2
servant,B2
lip,B2
beauty,B2
vote,B2
throughout,B2
religion,B2
statistic,B2
repeated,B2
stick,B2
heavily,B2
romantic,B2
seed,B2
competitive,B2
donate,B2
access,B2
needle,B2
victim,B2
portrait,B2
nail,B2
pray,B2
confident,B2
captain,B2
translate,B2
slightly,B2
afford,B2
treat,B2
security,B2
total,B2
throat,B2
quotation,B2
primary,B2
headline,B2
sailor,B2
category,B2
definite,B2
engineering,B2
western,B2
edge,B2
volunteer,B2
mad,B2
environmental,B2
supply,B2
graduate,B2
frightened,B2
ceremony,B2
base,B2
countryside,B2
confused,B2
row,B2
religious,B2
rugby,B2
possibly,B2
therefore,B2
issue,B2
indoors,B2
plenty,B2
reality,B2
regularly,B2
grain,B2
seriously,B2
rope,B2
pin,B2
cheat,B2
embarrassing,B2
dislike,B2
uncomfortable,B2
development,B2
quit,B2
injure,B2
persuade,B2
tape,B2
printing,B2
balance,B2
guilty,B2
relaxing,B2
consumer,B2
medium,B2
previous,B2
hang,B2
intend,B2
contrast,B2
nuclear,B2
fry,B2
consequence,B2
net,B2
fasten,B2
fighting,B2
album,B2
bite,B2
politician,B2
divide,B2
survive,B2
secondary,B2
perfectly,B2
accommodation,B2
warning,B2
youth,B2
layer,B2
competitor,B2
expedition,B2
cotton,B2
highway,B2
truth,B2
explore,B2
fitness,B2
doubt,B2
operation,B2
receipt,B2
respect,B2
heating,B2
impression,B2
entrance,B2
ban,B2
proper,B2
account,B2
poet,B2
spread,B2
ambitious,B2
shy,B2
convenient,B2
drunk,B2
spirit,B2
indicate,B2
coal,B2
consume,B2
share,B2
signal,B2
drum,B2
incredibly,B2
robot,B2
priest,B2
pleasure,B2
folk,B2
breathe,B2
relate,B2
encourage,B2
prepared,B2
expected,B2
alcohol,B2
studio,B2
location,B2
glove,B2
sight,B2
intention,B2
shine,B2
garage,B2
attitude,B2
muscle,B2
effective,B2
powder,B2
complaint,B2
string,B2
liquid,B2
strength,B2
staff,B2
fancy,B2
pan,B2
campaign,B2
properly,B2
eastern,B2
hunt,B2
automatic,B2
whether,B2
friendship,B2
similarity,B2
channel,B2
particularly,B2
oldfashioned,B2
require,B2
mud,B2
promote,B2
hardly,B2
pleasant,B2
cable,B2
investigate,B2
employment,B2
qualified,B2
quote,B2
switch,B2
this,B2
summarize,B2
murder,B2
examine,B2
announcement,B2
release,B2
horror,B2
sharp,B2
explosion,B2
entertainment,B2
election,B2
indeed,B2
tin,B2
guard,B2
prayer,B2
recommendation,B2
princess,B2
champion,B2
bother,B2
keen,B2
tent,B2
continuous,B2
safety,B2
successfully,B2
sudden,B2
ought,B2
painful,B2
giant,B2
essential,B2
challenge,B2
setting,B2
federal,B2
despite,B2
reservation,B2
mild,B2
located,B2
measure,B2
basic,B2
cruel,B2
district,B2
collection,B2
management,B2
journal,B2
poisonous,B2
injured,B2
decade,B2
improvement,B2
keyboard,B2
combat,C1
timely,C1
literacy,C1
interact,C1
dub,C1
terms,C1
correspondent,C1
premise,C1
trio,C1
tremendous,C1
manufacturing,C1
specification,C1
compile,C1
declaration,C1
shrink,C1
destruction,C1
rocket,C1
martial,C1
opera,C1
outfit,C1
misleading,C1
apparatus,C1
dismissal,C1
extensive,C1
privilege,C1
invoke,C1
trap,C1
buddy,C1
output,C1
align,C1
infect,C1
pirate,C1
latter,C1
diagnose,C1
appoint,C1
transit,C1
ownership,C1
creep,C1
distinction,C1
disruption,C1
pit,C1
costly,C1
specify,C1
striking,C1
effectiveness,C1
suite,C1
compound,C1
astonishing,C1
minimal,C1
artwork,C1
canal,C1
relieve,C1
equivalent,C1
ally,C1
amend,C1
advocate,C1
organizational,C1
activate,C1
terrific,C1
stability,C1
valid,C1
novelist,C1
allocation,C1
probe,C1
shortage,C1
delicate,C1
glorious,C1
processing,C1
residence,C1
graphic,C1
investigator,C1
info,C1
inappropriate,C1
reminder,C1
momentum,C1
ignorance,C1
occupation,C1
empower,C1
idiot,C1
amendment,C1
textbook,C1
oral,C1
disturb,C1
escalate,C1
overwhelming,C1
grasp,C1
questionnaire,C1
flawed,C1
voluntary,C1
grace,C1
crush,C1
accomplishment,C1
sphere,C1
affordable,C1
discard,C1
vessel,C1
useless,C1
encouragement,C1
preservation,C1
hopefully,C1
disorder,C1
era,C1
tuition,C1
probability,C1
gross,C1
hatred,C1
entity,C1
intact,C1
workshop,C1
deck,C1
credible,C1
insider,C1
handful,C1
torture,C1
amateur,C1
widow,C1
remainder,C1
retirement,C1
judicial,C1
implement,C1
protective,C1
admission,C1
battlefield,C1
blend,C1
democracy,C1
boast,C1
inject,C1
predictable,C1
workforce,C1
absent,C1
tournament,C1
contend,C1
likewise,C1
healthcare,C1
fleet,C1
courtesy,C1
sack,C1
tenure,C1
resistance,C1
violate,C1
accountable,C1
successor,C1
correlate,C1
replacement,C1
treaty,C1
bug,C1
isolated,C1
testimony,C1
confrontation,C1
utterly,C1
hook,C1
portfolio,C1
persistent,C1
vice,C1
casual,C1
pastor,C1
counter,C1
debut,C1
complement,C1
soar,C1
greatly,C1
newsletter,C1
eternal,C1
rail,C1
supervise,C1
reflection,C1
vulnerable,C1
haunt,C1
notebook,C1
badge,C1
balanced,C1
statistical,C1
accordingly,C1
medication,C1
nonsense,C1
thesis,C1
stunning,C1
surgeon,C1
challenging,C1
occupy,C1
complication,C1
fantasy,C1
stab,C1
evolution,C1
ink,C1
dependence,C1
franchise,C1
c,C1
prominent,C1
smash,C1
promising,C1
consolidate,C1
conscience,C1
flexibility,C1
log,C1
assertion,C1
standing,C1
scholar,C1
conspiracy,C1
kidney,C1
clinical,C1
dispose,C1
deployment,C1
cocktail,C1
citizenship,C1
logic,C1
exclusively,C1
goodness,C1
agriculture,C1
turnout,C1
disrupt,C1
strive,C1
frequent,C1
recruitment,C1
militia,C1
divine,C1
selective,C1
curiosity,C1
firefighter,C1
organic,C1
columnist,C1
cater,C1
enquire,C1
imprison,C1
enrol,C1
exotic,C1
endure,C1
harsh,C1
naval,C1
bleed,C1
activist,C1
kingdom,C1
diplomat,C1
tenant,C1
flourish,C1
radiation,C1
globalization,C1
rob,C1
exploitation,C1
transmit,C1
lesser,C1
propaganda,C1
deed,C1
backdrop,C1
nursery,C1
invisible,C1
crack,C1
allege,C1
disagreement,C1
heal,C1
riot,C1
confirmation,C1
preside,C1
transformation,C1
lawn,C1
subtle,C1
lighting,C1
integrity,C1
dam,C1
excessive,C1
offering,C1
chop,C1
meaningful,C1
tag,C1
deadline,C1
evolve,C1
motivation,C1
therapist,C1
cooperative,C1
defy,C1
disclose,C1
mining,C1
extremist,C1
embody,C1
renowned,C1
thrive,C1
portion,C1
betray,C1
headquarters,C1
rebellion,C1
progressive,C1
random,C1
influential,C1
cabin,C1
shareholder,C1
opt,C1
reasoning,C1
activation,C1
stem,C1
considerable,C1
penalty,C1
sacrifice,C1
distress,C1
amusing,C1
surveillance,C1
peasant,C1
realization,C1
turnover,C1
prevention,C1
perception,C1
timing,C1
herb,C1
spark,C1
equip,C1
cynical,C1
championship,C1
coordinator,C1
contributor,C1
corrupt,C1
chamber,C1
peak,C1
verse,C1
profitable,C1
mandate,C1
efficiently,C1
collaboration,C1
bay,C1
echo,C1
terminal,C1
devise,C1
heritage,C1
fragment,C1
civilization,C1
deteriorate,C1
generic,C1
precede,C1
infant,C1
practitioner,C1
upcoming,C1
making,C1
memoir,C1
severely,C1
discourage,C1
congressional,C1
petition,C1
allowance,C1
embark,C1
compliance,C1
banner,C1
recognition,C1
inability,C1
hail,C1
thorough,C1
administer,C1
notify,C1
mercy,C1
handling,C1
grid,C1
superior,C1
raid,C1
squeeze,C1
bow,C1
cemetery,C1
lap,C1
pronounced,C1
incentive,C1
cute,C1
fame,C1
tribe,C1
wander,C1
deputy,C1
ambassador,C1
robust,C1
rumour,C1
sibling,C1
retrieve,C1
depression,C1
conception,C1
architectural,C1
necessity,C1
successive,C1
stun,C1
coordination,C1
glimpse,C1
predator,C1
firework,C1
amid,C1
guideline,C1
interaction,C1
consequently,C1
assassination,C1
forthcoming,C1
inclusion,C1
rage,C1
texture,C1
mobility,C1
inspector,C1
hilarious,C1
presently,C1
regime,C1
curious,C1
recipient,C1
supreme,C1
consciousness,C1
troubled,C1
condemn,C1
beneficial,C1
ecological,C1
optimistic,C1
integrate,C1
veteran,C1
monopoly,C1
observer,C1
steer,C1
productive,C1
spite,C1
socialist,C1
passing,C1
implementation,C1
publicity,C1
evoke,C1
parttime,C1
kidnap,C1
liberty,C1
tap,C1
input,C1
magistrate,C1
patrol,C1
athletic,C1
rational,C1
clash,C1
obesity,C1
sympathetic,C1
execute,C1
beloved,C1
overlook,C1
affection,C1
provision,C1
supplement,C1
authorize,C1
acute,C1
gaming,C1
ridiculous,C1
concede,C1
firmly,C1
proposition,C1
consistently,C1
acre,C1
tolerance,C1
settler,C1
pregnancy,C1
dip,C1
diplomatic,C1
adequate,C1
weave,C1
assistance,C1
compose,C1
evacuate,C1
premier,C1
norm,C1
republic,C1
adverse,C1
vicious,C1
accountant,C1
wipe,C1
derive,C1
accordance,C1
delegation,C1
ensue,C1
commodity,C1
drought,C1
mechanic,C1
bonus,C1
gut,C1
dominant,C1
outbreak,C1
suburb,C1
choir,C1
minute,C1
visa,C1
aluminium,C1
sufficiently,C1
ironic,C1
transcript,C1
modification,C1
mature,C1
compel,C1
suck,C1
cultivate,C1
empirical,C1
contrary,C1
bind,C1
conviction,C1
intellectual,C1
dominance,C1
transparency,C1
seemingly,C1
acceptance,C1
disappoint,C1
roughly,C1
modest,C1
postwar,C1
disability,C1
defensive,C1
hydrogen,C1
reinforce,C1
province,C1
indication,C1
overcome,C1
vibrant,C1
legislation,C1
sceptical,C1
sue,C1
cue,C1
coastal,C1
warfare,C1
patience,C1
strategic,C1
establishment,C1
likelihood,C1
spill,C1
fatal,C1
miner,C1
trigger,C1
solidarity,C1
triumph,C1
caution,C1
pole,C1
mere,C1
joint,C1
dictate,C1
tolerate,C1
rating,C1
varied,C1
eliminate,C1
vague,C1
tsunami,C1
conventional,C1
span,C1
diagnosis,C1
halfway,C1
cruise,C1
methodology,C1
spare,C1
notorious,C1
density,C1
systematic,C1
worship,C1
trailer,C1
memo,C1
crawl,C1
slam,C1
constituency,C1
supportive,C1
snap,C1
warming,C1
merger,C1
ease,C1
sake,C1
aesthetic,C1
involvement,C1
clarity,C1
reportedly,C1
niche,C1
tribute,C1
wellbeing,C1
patent,C1
discrimination,C1
dairy,C1
largescale,C1
psychiatric,C1
spine,C1
contractor,C1
dependent,C1
stumble,C1
territory,C1
restriction,C1
subsidy,C1
deadly,C1
dignity,C1
outlet,C1
mosque,C1
colonial,C1
filmmaker,C1
marker,C1
cluster,C1
pride,C1
diminish,C1
moreover,C1
sole,C1
humanity,C1
nationwide,C1
adjustment,C1
harvest,C1
contender,C1
humanitarian,C1
fabric,C1
revenge,C1
prestigious,C1
liberation,C1
creativity,C1
entertaining,C1
morality,C1
sentiment,C1
tactic,C1
reasonably,C1
engagement,C1
biological,C1
presumably,C1
fraud,C1
upgrade,C1
subscriber,C1
mandatory,C1
landlord,C1
faculty,C1
demon,C1
grin,C1
articulate,C1
conceal,C1
exert,C1
invasion,C1
enrich,C1
commerce,C1
proceeds,C1
potentially,C1
carriage,C1
handy,C1
electoral,C1
rebuild,C1
allegation,C1
oxygen,C1
entrepreneur,C1
proportion,C1
lifetime,C1
surge,C1
furious,C1
terribly,C1
flaw,C1
mentor,C1
evaluation,C1
meantime,C1
integral,C1
attribute,C1
seldom,C1
warrior,C1
loyal,C1
deficit,C1
faction,C1
instinct,C1
forge,C1
envelope,C1
separation,C1
treasure,C1
implication,C1
recession,C1
prompt,C1
speculate,C1
fundamentally,C1
transaction,C1
trillion,C1
openly,C1
asylum,C1
filter,C1
documentation,C1
memorable,C1
perceive,C1
grind,C1
expertise,C1
sheer,C1
legacy,C1
supervision,C1
characterize,C1
unacceptable,C1
attachment,C1
exploit,C1
dumb,C1
slap,C1
founder,C1
temple,C1
sustain,C1
probable,C1
confine,C1
curriculum,C1
kit,C1
reconstruction,C1
whip,C1
merge,C1
equation,C1
jury,C1
adoption,C1
participation,C1
steadily,C1
longtime,C1
applicable,C1
civic,C1
ash,C1
bombing,C1
ruin,C1
surrender,C1
regulate,C1
verify,C1
dawn,C1
interim,C1
rod,C1
tension,C1
alike,C1
scholarship,C1
circulate,C1
mob,C1
dynamic,C1
quota,C1
independence,C1
deprive,C1
frustration,C1
additionally,C1
withdraw,C1
venture,C1
liberal,C1
foster,C1
dump,C1
ranking,C1
endless,C1
recount,C1
sustainable,C1
naked,C1
eligible,C1
bound,C1
blanket,C1
grip,C1
myth,C1
weird,C1
hostility,C1
adhere,C1
closure,C1
icon,C1
radical,C1
prosecution,C1
transparent,C1
grave,C1
collector,C1
worthy,C1
referee,C1
inspiration,C1
fulltime,C1
feminist,C1
mate,C1
ministry,C1
applaud,C1
transmission,C1
dispute,C1
circulation,C1
inflation,C1
ballet,C1
divorce,C1
copyright,C1
tighten,C1
arbitrary,C1
distort,C1
candle,C1
subsequently,C1
abuse,C1
preference,C1
decisionmaking,C1
tendency,C1
promotion,C1
endorse,C1
loyalty,C1
orientation,C1
representation,C1
scandal,C1
explicit,C1
cargo,C1
economist,C1
defender,C1
retail,C1
slogan,C1
suppress,C1
nomination,C1
chronic,C1
duration,C1
oversee,C1
comprehensive,C1
elevate,C1
audio,C1
racism,C1
gender,C1
lens,C1
miserable,C1
youngster,C1
delegate,C1
forecast,C1
gravity,C1
helmet,C1
acquisition,C1
integration,C1
emotionally,C1
subscription,C1
discretion,C1
gene,C1
precious,C1
seeker,C1
guidance,C1
favourable,C1
aide,C1
benchmark,C1
odds,C1
romance,C1
altogether,C1
pity,C1
enforce,C1
elbow,C1
rejection,C1
permanently,C1
magnitude,C1
accumulate,C1
adjust,C1
hip,C1
audit,C1
ideological,C1
dilemma,C1
gay,C1
rear,C1
peer,C1
fake,C1
partially,C1
nonprofit,C1
magnificent,C1
damaging,C1
gear,C1
cattle,C1
adolescent,C1
animation,C1
sponsorship,C1
pad,C1
conquer,C1
invade,C1
nutrition,C1
coalition,C1
hazard,C1
inequality,C1
heighten,C1
orchestra,C1
obsess,C1
capitalism,C1
aside,C1
strengthen,C1
asset,C1
revive,C1
undoubtedly,C1
referendum,C1
capability,C1
lottery,C1
residue,C1
compelling,C1
specialize,C1
provoke,C1
corridor,C1
devil,C1
resign,C1
rape,C1
fraction,C1
leaflet,C1
worm,C1
consult,C1
universal,C1
manufacture,C1
profound,C1
maintenance,C1
outrage,C1
inspection,C1
theatrical,C1
initiate,C1
consent,C1
peculiar,C1
voting,C1
beam,C1
surgical,C1
sacred,C1
appreciation,C1
strictly,C1
breakthrough,C1
conversion,C1
agricultural,C1
continually,C1
mutual,C1
workplace,C1
distract,C1
composition,C1
insult,C1
thoughtful,C1
relieved,C1
hierarchy,C1
predominantly,C1
melody,C1
decisive,C1
noble,C1
irony,C1
bass,C1
punk,C1
tobacco,C1
nominee,C1
passionate,C1
variable,C1
sovereignty,C1
assure,C1
diverse,C1
accuracy,C1
backup,C1
seize,C1
irrelevant,C1
technological,C1
corresponding,C1
objection,C1
commentator,C1
proclaim,C1
wisdom,C1
basement,C1
analyst,C1
presidential,C1
commence,C1
coup,C1
intensity,C1
maximize,C1
bare,C1
inflict,C1
ruling,C1
controversial,C1
projection,C1
bishop,C1
resemble,C1
linger,C1
enforcement,C1
allocate,C1
counterpart,C1
simulate,C1
timber,C1
midst,C1
accommodate,C1
boundary,C1
seminar,C1
foreigner,C1
funeral,C1
casino,C1
password,C1
signature,C1
convict,C1
refusal,C1
tide,C1
considerably,C1
bless,C1
puzzle,C1
senator,C1
denounce,C1
optimism,C1
metaphor,C1
ultimate,C1
sophisticated,C1
descend,C1
attendance,C1
autonomy,C1
accused,C1
scattered,C1
partial,C1
processor,C1
experimental,C1
setup,C1
machinery,C1
unfold,C1
spy,C1
noon,C1
abortion,C1
intensive,C1
rifle,C1
immense,C1
craft,C1
vow,C1
inhibit,C1
inevitable,C1
trustee,C1
consumption,C1
teens,C1
thread,C1
undergo,C1
dull,C1
stance,C1
crude,C1
revelation,C1
commissioner,C1
depict,C1
exhibit,C1
constitution,C1
ladder,C1
satisfaction,C1
suburban,C1
pledge,C1
vein,C1
foundation,C1
starve,C1
longstanding,C1
vocal,C1
validity,C1
disclosure,C1
migration,C1
comic,C1
interactive,C1
pond,C1
dimension,C1
relevance,C1
super,C1
shortly,C1
economics,C1
essentially,C1
breed,C1
shrug,C1
indicator,C1
symbolic,C1
gaze,C1
convey,C1
compensation,C1
monster,C1
intermediate,C1
bat,C1
specimen,C1
inhabitant,C1
excess,C1
inmate,C1
radar,C1
differ,C1
spouse,C1
tender,C1
custody,C1
appropriately,C1
outstanding,C1
flavour,C1
unite,C1
carve,C1
democratic,C1
plead,C1
cling,C1
makeup,C1
constitute,C1
landmark,C1
violation,C1
sensation,C1
primarily,C1
anxiety,C1
anchor,C1
dive,C1
seal,C1
versus,C1
indigenous,C1
aspire,C1
insert,C1
prey,C1
glance,C1
classification,C1
concrete,C1
negotiate,C1
revolutionary,C1
monk,C1
jail,C1
remarkable,C1
frustrated,C1
thereafter,C1
quest,C1
confess,C1
dot,C1
interior,C1
canvas,C1
barely,C1
isolation,C1
linear,C1
interval,C1
graphics,C1
legislative,C1
erupt,C1
accurately,C1
competent,C1
laser,C1
evident,C1
spin,C1
villager,C1
programming,C1
mill,C1
prevalence,C1
risky,C1
casualty,C1
renew,C1
reside,C1
privatization,C1
carbon,C1
readily,C1
investor,C1
biography,C1
militant,C1
litter,C1
philosopher,C1
backing,C1
cult,C1
historian,C1
trophy,C1
inadequate,C1
protocol,C1
infamous,C1
enjoyable,C1
psychological,C1
bench,C1
prescription,C1
congratulate,C1
dissolve,C1
exclusive,C1
breach,C1
freely,C1
substitution,C1
moving,C1
spice,C1
notable,C1
coincide,C1
parental,C1
reproduction,C1
legitimate,C1
mechanical,C1
presidency,C1
precise,C1
prospective,C1
bounce,C1
substantial,C1
drain,C1
broadband,C1
placement,C1
assemble,C1
collision,C1
counselling,C1
cope,C1
adaptation,C1
outing,C1
induce,C1
encompass,C1
flesh,C1
suspicion,C1
compensate,C1
respective,C1
footage,C1
listing,C1
booking,C1
shore,C1
occasional,C1
mechanism,C1
explosive,C1
restore,C1
manipulate,C1
rotation,C1
governor,C1
beneath,C1
availability,C1
occurrence,C1
sometime,C1
prejudice,C1
intent,C1
unfortunate,C1
endeavour,C1
gig,C1
prior,C1
compromise,C1
notably,C1
bizarre,C1
rival,C1
competence,C1
complexity,C1
precision,C1
apology,C1
spectacle,C1
tackle,C1
composer,C1
precisely,C1
intimate,C1
patch,C1
albeit,C1
testing,C1
bargain,C1
broadly,C1
leap,C1
elite,C1
abundance,C1
thumb,C1
highprofile,C1
applicant,C1
operator,C1
cave,C1
remains,C1
secular,C1
solely,C1
electronics,C1
pursuit,C1
buffer,C1
donor,C1
embed,C1
passive,C1
embassy,C1
reform,C1
reckon,C1
misery,C1
remedy,C1
racist,C1
aids,C1
concession,C1
inspect,C1
nasty,C1
pipeline,C1
marginal,C1
efficiency,C1
originate,C1
detention,C1
auction,C1
trademark,C1
desktop,C1
designate,C1
legend,C1
parish,C1
hopeful,C1
clip,C1
academy,C1
failed,C1
confession,C1
abstract,C1
threshold,C1
gesture,C1
cease,C1
beneficiary,C1
prevail,C1
screw,C1
bail,C1
suicide,C1
intake,C1
yell,C1
hint,C1
frankly,C1
whilst,C1
dose,C1
grief,C1
deem,C1
stake,C1
skip,C1
coverage,C1
dual,C1
suspicious,C1
analogy,C1
inevitably,C1
cabinet,C1
regardless,C1
identification,C1
pause,C1
distinguish,C1
width,C1
productivity,C1
theft,C1
verbal,C1
appealing,C1
proceedings,C1
tribal,C1
plug,C1
accessible,C1
epidemic,C1
golden,C1
neglect,C1
contemplate,C1
pulse,C1
parallel,C1
realm,C1
cutting,C1
unify,C1
vanish,C1
merchant,C1
consultation,C1
twist,C1
testify,C1
robbery,C1
domain,C1
lifelong,C1
expansion,C1
encouraging,C1
vulnerability,C1
awareness,C1
merit,C1
legislature,C1
tragic,C1
structural,C1
rip,C1
undergraduate,C1
facilitate,C1
exceptional,C1
directory,C1
assert,C1
attain,C1
optical,C1
contradiction,C1
literary,C1
contention,C1
incorporate,C1
administrative,C1
ideology,C1
globe,C1
problematic,C1
formula,C1
incorrect,C1
brick,C1
framework,C1
archive,C1
lawsuit,C1
poll,C1
marketplace,C1
empire,C1
hunger,C1
shortterm,C1
squad,C1
urgent,C1
survival,C1
forbid,C1
exceed,C1
desirable,C1
inclined,C1
gathering,C1
ward,C1
ritual,C1
limitation,C1
aspiration,C1
pioneer,C1
functional,C1
educator,C1
reign,C1
clarify,C1
regulator,C1
cheer,C1
subsequent,C1
regain,C1
debris,C1
comply,C1
harmony,C1
formerly,C1
uphold,C1
evolutionary,C1
mainstream,C1
trace,C1
license,C1
confront,C1
exaggerate,C1
utility,C1
outlook,C1
crown,C1
indictment,C1
spokesman,C1
intensify,C1
sanction,C1
broadcaster,C1
logo,C1
plea,C1
instrumental,C1
unity,C1
awkward,C1
halt,C1
counsellor,C1
ongoing,C1
provincial,C1
confusion,C1
membership,C1
instruct,C1
disastrous,C1
infrastructure,C1
inherent,C1
merely,C1
elementary,C1
index,C1
exception,C1
litre,C1
gorgeous,C1
prohibit,C1
buck,C1
conceive,C1
calculation,C1
refuge,C1
boom,C1
bid,C1
publishing,C1
deploy,C1
swallow,C1
incur,C1
arguably,C1
imprisonment,C1
submission,C1
tonne,C1
charter,C1
thoughtprovoking,C1
array,C1
comprise,C1
charming,C1
motorist,C1
leak,C1
crystal,C1
glory,C1
personnel,C1
auto,C1
preliminary,C1
emission,C1
intervention,C1
prosperity,C1
flee,C1
alert,C1
formulate,C1
fairness,C1
rebel,C1
aggression,C1
serial,C1
devastate,C1
medieval,C1
clinic,C1
determination,C1
distinct,C1
intriguing,C1
hidden,C1
disabled,C1
loom,C1
sexuality,C1
tragedy,C1
donation,C1
spectrum,C1
erect,C1
chaos,C1
certainty,C1
delete,C1
parameter,C1
capitalist,C1
conservation,C1
namely,C1
prosecutor,C1
terror,C1
constraint,C1
deposit,C1
presume,C1
fond,C1
strain,C1
tribunal,C1
spoil,C1
discourse,C1
ethnic,C1
obstacle,C1
interfere,C1
brutal,C1
coincidence,C1
cognitive,C1
municipal,C1
bulk,C1
equality,C1
besides,C1
breakdown,C1
id,C1
wheat,C1
speculation,C1
completion,C1
defect,C1
resolution,C1
commentary,C1
moderate,C1
interference,C1
ambulance,C1
reliability,C1
stark,C1
manifest,C1
distant,C1
stimulus,C1
supervisor,C1
contempt,C1
sufficient,C1
angel,C1
nod,C1
conserve,C1
massacre,C1
partnership,C1
physician,C1
wit,C1
offspring,C1
syndrome,C1
assault,C1
exclude,C1
comparable,C1
default,C1
straightforward,C1
hostile,C1
mortgage,C1
ray,C1
integrated,C1
duo,C1
yield,C1
survivor,C1
firm,C1
widespread,C1
basket,C1
discharge,C1
oblige,C1
reluctant,C1
significance,C1
minimize,C1
harbour,C1
ego,C1
dictator,C1
embrace,C1
pump,C1
unveil,C1
junction,C1
premium,C1
charm,C1
ancestor,C1
await,C1
toss,C1
terrorist,C1
willingness,C1
reverse,C1
solicitor,C1
chunk,C1
query,C1
thoroughly,C1
worthwhile,C1
warehouse,C1
scratch,C1
justification,C1
succession,C1
revision,C1
preach,C1
commander,C1
collective,C1
theoretical,C1
certificate,C1
accumulation,C1
embarrassment,C1
steam,C1
doctrine,C1
superb,C1
widen,C1
addiction,C1
slot,C1
whereby,C1
drift,C1
guilt,C1
stabilize,C1
mathematical,C1
shocking,C1
accomplish,C1
communist,C1
accountability,C1
nursing,C1
elegant,C1
panic,C1
ethic,C1
instantly,C1
balloon,C1
weed,C1
lineup,C1
behalf,C1
persist,C1
legendary,C1
lengthy,C1
dedication,C1
marathon,C1
elaborate,C1
cop,C1
thereby,C1
supposedly,C1
withdrawal,C1
constitutional,C1
miracle,C1
removal,C1
simulation,C1
overly,C1
inherit,C1
punch,C1
lately,C1
convincing,C1
expire,C1
accent,C1
reporting,C1
confer,C1
viewpoint,C1
undertake,C1
genetic,C1
bias,C1
chase,C1
skilled,C1
neutral,C1
harassment,C1
prescribe,C1
manipulation,C1
postpone,C1
disappointment,C1
atrocity,C1
frustrating,C1
critique,C1
descent,C1
colourful,C1
browser,C1
mode,C1
exposure,C1
manuscript,C1
warrant,C1
burial,C1
situated,C1
classify,C1
strip,C1
theology,C1
assumption,C1
blast,C1
jurisdiction,C1
somehow,C1
stereotype,C1
registration,C1
comparative,C1
expenditure,C1
ratio,C1
assign,C1
homeless,C1
liver,C1
tactical,C1
consensus,C1
incidence,C1
operational,C1
gallon,C1
homeland,C1
installation,C1
tissue,C1
blessing,C1
attorney,C1
parliamentary,C1
alignment,C1
magical,C1
slash,C1
enact,C1
dare,C1
synthesis,C1
margin,C1
layout,C1
assurance,C1
specialized,C1
substitute,C1
recovery,C1
protester,C1
feat,C1
sigh,C1
enthusiast,C1
formation,C1
insufficient,C1
correspondence,C1
administrator,C1
consultant,C1
retreat,C1
briefly,C1
motive,C1
trait,C1
limb,C1
correspond,C1
outsider,C1
imminent,C1
burden,C1
companion,C1
underlying,C1
hypothesis,C1
correlation,C1
loop,C1
identical,C1
packet,C1
distinctive,C1
hostage,C1
fulfil,C1
fibre,C1
cliff,C1
greenhouse,C1
protein,C1
cheek,C1
alongside,C1
depart,C1
appetite,C1
skull,C1
entitle,C1
nest,C1
terrain,C1
trading,C1
fate,C1
fade,C1
screening,C1
execution,C1
desperately,C1
honesty,C1
render,C1
substantially,C1
offender,C1
earnings,C1
surplus,C1
plunge,C1
annually,C1
motivate,C1
philosophical,C1
parade,C1
compulsory,C1
correction,C1
racial,C1
purely,C1
summit,C1
undermine,C1
burst,C1
genuinely,C1
monument,C1
stroke,C1
emergence,C1
coordinate,C1
suspend,C1
shed,C1
trail,C1
reproduce,C1
visible,C1
indulge,C1
format,C1
adequately,C1
adjacent,C1
horizon,C1
portray,C1
gambling,C1
genius,C1
dramatically,C1
lad,C1
lane,C1
rally,C1
slavery,C1
explicitly,C1
configuration,C1
blade,C1
guerrilla,C1
interpretation,C1
alien,C1
terrorism,C1
whoever,C1
overturn,C1
spectacular,C1
stall,C1
strand,C1
assembly,C1
spotlight,C1
stimulate,C1
sporting,C1
respectively,C1
circuit,C1
catalogue,C1
motion,C1
controversy,C1
acid,C1
barrel,C1
temporarily,C1
sensitivity,C1
restoration,C1
tempt,C1
database,C1
extract,C1
scare,C1
verdict,C1
taxpayer,C1
soak,C1
immune,C1
detection,C1
immigration,C1
nearby,C1
absurd,C1
corruption,C1
rental,C1
trauma,C1
unprecedented,C1
disposal,C1
governance,C1
prosecute,C1
injection,C1
beside,C1
engaging,C1
memorial,C1
rotate,C1
compassion,C1
institutional,C1
genocide,C1
toll,C1
consecutive,C1
fixture,C1
meditation,C1
extensively,C1
convention,C1
restraint,C1
firearm,C1
fluid,C1
storage,C1
overnight,C1
rose,C1
deficiency,C1
reassure,C1
weekly,C1
enterprise,C1
forum,C1
collaborate,C1
beast,C1
ironically,C1
exclusion,C1
eager,C1
anonymous,C1
sketch,C1
destructive,C1
viable,C1
precedent,C1
toxic,C1
accelerate,C1
lesbian,C1
cautious,C1
whatsoever,C1
simultaneously,C1
utilize,C1
scenario,C1
medal,C1
magnetic,C1
fabulous,C1
marine,C1
virtue,C1
literally,C1
devote,C1
civilian,C1
revenue,C1
editorial,C1
differentiate,C1
demonstration,C1
imagery,C1
fare,C1
aftermath,C1
alliance,C1
bold,C1
socalled,C1
pill,C1
accusation,C1
solo,C1
terrify,C1
fragile,C1
proceed,C1
fierce,C1
critically,C1
wholly,C1
allegedly,C1
anticipate,C1
accidentally,C1
nonetheless,C1
infer,C1
fortunate,C1
shaped,C1
consistency,C1
drown,C1
thrilled,C1
injustice,C1
nowadays,C1
overwhelm,C1
vacuum,C1
habitat,C1
palm,C1
restrict,C1
mobilize,C1
wrist,C1
vertical,C1
resignation,C1
thankfully,C1
diversity,C1
arrow,C1
councillor,C1
intervene,C1
regulatory,C1
darkness,C1
obsession,C1
mask,C1
innovation,C1
horn,C1
displace,C1
instant,C1
divert,C1
missile,C1
dense,C1
suspension,C1
exile,C1
spam,C1
extension,C1
cooperate,C1
workout,C1
credibility,C1
weaken,C1
stir,C1
patron,C1
dedicated,C1
recruit,C1
sexy,C1
interface,C1
colony,C1
refugee,C1
convenience,C1
dealer,C1
landing,C1
absence,C1
arena,C1
congregation,C1
variation,C1
essence,C1
lobby,C1
fossil,C1
predecessor,C1
innovative,C1
authentic,C1
disturbing,C1
rat,C1
illusion,C1
forth,C1
pathway,C1
creator,C1
mainland,C1
swing,C1
receiver,C1
usage,C1
compute,C1
insertion,C1
denial,C1
navigation,C1
nominate,C1
spectator,C1
terminate,C1
rehabilitation,C1
copper,C1
hardware,C1
spokesperson,C1
lethal,C1
fool,C1
detain,C1
sword,C1
spokeswoman,C1
hence,C1
bureaucracy,C1
uncertainty,C1
countless,C1
monthly,C1
newly,C1
remarkably,C1
welfare,C1
excellence,C1
neighbouring,C1
ballot,C1
journalism,C1
fundraising,C1
residential,C1
suffering,C1
humble,C1
genuine,C1
boost,C1
isolate,C1
negotiation,C1
jet,C1
lyric,C1
corporation,C1
liable,C1
endorsement,C1
